A,A,KOSZAROWA (SZPITAL) - Koszarowa - Berenta - Wyszyńskiego - pl. Powstańców Warszawy - Oławska - Podwale - Świdnicka - Krucza - Inżynierska - Hallera - Grabiszyńska - Solskiego - Aleja Piastów - Racławicka - Skarbowców - Sowia - Karkonoska - KRZYKI|KRZYKI - Sowia - Skarbowców - Racławicka - Aleja Piastów - Solskiego - Grabiszyńska - Hallera - Aleja Pracy - Inżynierska - Krucza - Wielka - Świdnicka - Kościuszki - Krasińskiego - pl. Powstańców Warszawy - Wyszyńskiego - Boya-Żeleńskiego - Berenta - Kasprowicza - Czajkowskiego - Koszarowa - KOSZAROWA (SZPITAL)
C,C ,KOZANÓW - Kozanowska - Popowicka - Długa - mosty Mieszczańskie - Dubois - Sienkiewicza - Szczytnicka - pl. Grunwaldzki - PL. GRUNWALDZKI|PL. GRUNWALDZKI - Wyszyńskiego - Drobnera - Dubois - Dmowskiego - Długa - Popowicka - Kozanowska - KOZANÓW
D,D,OSIEDLE SOBIESKIEGO - Królewska - Bora-Komorowskiego - Krzywoustego - Brücknera - Kochanowskiego - pl. Grunwaldzki - Oławska - Piotra Skargi - Podwale - Świdnicka - Powstańców Śl. - Krzycka - Wałbrzyska - Karmelkowa - Giełdowa - GIEŁDOWA (CENTRUM HURTU)|GIEŁDOWA (CENTRUM HURTU) - Karmelkowa - Wałbrzyska - Krzycka - Powstańców Śl. - Świdnicka - Oławska - pl. Powstańców Warszawy - pl. Grunwaldzki - Kochanowskiego - Brücknera - Krzywoustego - Bora-Komorowskiego - Królewska - OSIEDLE SOBIESKIEGO
K,K,GAJ - PĘTLA - Świeradowska - Borowska - Peronowa - Kazimierza Wlk. - Drobnera - Chrobrego - pl. Staszica - Reymonta - Osobowicka - Łużycka - Bezpieczna - Obornicka - Broniewskiego - Żmigrodzka - Kamieńskiego - KAMIEŃSKIEGO (PĘTLA)|KAMIEŃSKIEGO (PĘTLA) - Żmigrodzka - Broniewskiego - Obornicka - Bezpieczna - Łużycka - Osobowicka - Reymonta - Pomorska - Drobnera - Nowy Świat - Kazimierza Wlk. - Piotra Skargi - Peronowa - Ślężna - Borowska - Świeradowska - GAJ - PĘTLA
N,N,LITEWSKA - Litewska - Żmudzka - Kiełczowska - Krzywoustego - Wyszyńskiego - pl. Powstańców Warszawy - Oławska - Piotra Skargi - Peronowa - Ślężna - Petrusewicza - PETRUSEWICZA|PETRUSEWICZA - Borowska - Peronowa - Oławska - pl. Powstańców Warszawy - Wyszyńskiego - Krzywoustego - Kiełczowska - Żmudzka - Litewska - LITEWSKA
1,1,POŚWIĘTNE - Żmigrodzka - Trzebnicka - pl. Powstańców Wielkopolskich - pl. Staszica - Drobnera - Sienkiewicza - Curie-Skłodowskiej - Wróblewskiego - Olszewskiego - BISKUPIN|BISKUPIN - Wróblewskiego - Curie-Skłodowskiej - Piastowska - Sienkiewicza - Drobnera - pl. Staszica - pl. Powstańców Wielkopolskich - Trzebnicka - Żmigrodzka - POŚWIĘTNE
2,2,KRZYKI - Karkonoska - Powstańców Śl. - pl. Powstańców Śląskich - Powstańców Śl. - Świdnicka - Piłsudskiego - Kołłątaja - Oławska - pl. Powstańców Warszawy - Wyszyńskiego - Szczytnicka - Rondo Reagana - Curie-Skłodowskiej - Wróblewskiego - Olszewskiego - BISKUPIN|BISKUPIN - Wróblewskiego - Curie-Skłodowskiej - Rondo Reagana - Curie-Skłodowskiej - Wyszyńskiego - pl. Powstańców Warszawy - Oławska - Skargi - Kołłątaja - Piłsudskiego - Powstańców Śl. - Karkonoska - KRZYKI
3,3,LEŚNICA - Średzka - Kosmonautów - Lotnicza - Legnicka - Podwale - pl. Teatralny - Teatralna - Oławska - Traugutta - Krakowska - Opolska - KSIĘŻE MAŁE|KSIĘŻE MAŁE - Krakowska - Traugutta - Oławska - Teatralna - pl. Teatralny - Podwale - Legnicka - Lotnicza - Kosmonautów - Średzka - LEŚNICA
4,4,BISKUPIN - Olszewskiego - Wróblewskiego - Curie-Skłodowskiej - Rondo Reagana - pl. Grunwaldzki - pl. Powstańców Warszawy - Oławska - Kazimierza Wlk. - Krupnicza - Sądowa - Grabiszyńska - OPORÓW|OPORÓW - Krupnicza - Kazimierza Wlk. - Oławska - pl. Powstańców Warszawy - pl. Grunwaldzki - Rondo Reagana - Curie-Skłodowskiej - Wróblewskiego - Olszewskiego - BISKUPIN
5,5,KSIĘŻE MAŁE - Opolska - Krakowska - Traugutta - Oławska - Skargi - Kołłątaja - Piłsudskiego - Grabiszyńska - OPORÓW|OPORÓW - Piłsudskiego - Kołłątaja - Oławska - Traugutta - Krakowska - Opolska - KSIĘŻE MAŁE
6,6,KRZYKI - Karkonoska - Powstańców Śl. - pl. Powstańców Śląskich - Powstańców Śl. - Świdnicka - pl. Teatralny - Widok - Szewska - Drobnera - pl. Bema - Bema - Poniatowskiego - Słowiańska - SŁOWIAŃSKA|DWORZEC NADODRZE - pl. Powstańców Wielkopolskich - Słowiańska - Poniatowskiego - Drobnera - Grodzka - Kazimierza Wlk. - Krupnicza - Podwale - Świdnicka - Powstańców Śl. - Karkonoska - KRZYKI
7,7,KLECINA - Wałbrzyska - Przyjaźni - Karkonoska - Powstańców Śl. - pl. Powstańców Śląskich - Powstańców Śl. - Świdnicka - pl. Teatralny - Widok - Szewska - Drobnera - Chrobrego - pl. Powstańców Wielkopolskich - Trzebnicka - Żmigrodzka - POŚWIĘTNE|POŚWIĘTNE - Trzebnicka - pl. Powstańców Wielkopolskich - Chrobrego - Drobnera - Grodzka - Kazimierza Wlk. - Krupnicza - Podwale - Świdnicka - Powstańców Śl. - Karkonoska - Przyjaźni - Wałbrzyska - KLECINA
8,8,TARNOGAJ - Tarnogajska - Aleja Armii Krajowej - Bardzka - Hubska - Gliniana - Borowska - Peronowa - Kołłątaja - Bł. Czesława - Św. Katarzyny - Piaskowa - pl. Bema - Bema - Poniatowskiego - Słowiańska - pl. Powstańców Wielkopolskich - Trzebnicka - Żmigrodzka - KARŁOWICE|KARŁOWICE - Trzebnicka - pl. Powstańców Wielkopolskich - Słowiańska - Poniatowskiego - pl. Bema - Piaskowa - Św. Katarzyny - Bł. Czesława - Skargi - Kołłątaja - Peronowa - Borowska - Gliniana - Hubska - Bardzka - Aleja Armii Krajowej - Tarnogajska - TARNOGAJ
9,9,SĘPOLNO - Mickiewicza - Aleja Paderewskiego - Aleja Różyckiego - Aleja Kochanowskiego - Grunwaldzka - Sienkiewicza - pl. Bema - Piaskowa - Św. Katarzyny - Bł. Czesława - Skargi - Kołłątaja - Peronowa - Borowska - Ślężna - PARK POŁUDNIOWY|PARK POŁUDNIOWY - Borowska - Peronowa - Kołłątaja - Bł. Czesława - Św. Katarzyny - Piaskowa - Sienkiewicza - Aleja Kochanowskiego - Aleja Różyckiego - Aleja Paderewskiego - Mickiewicza - SĘPOLNO
10,10,LEŚNICA - Średzka - Kosmonautów - Lotnicza - Legnicka - Podwale - pl. Teatralny - Teatralna - Oławska - pl. Powstańców Warszawy - Wyszyńskiego - Szczytnicka - Rondo Reagana - Curie-Skłodowskiej - Wróblewskiego - Olszewskiego - BISKUPIN|BISKUPIN - Wróblewskiego - Curie-Skłodowskiej - Rondo Reagana - Curie-Skłodowskiej - Wyszyńskiego - pl. Powstańców Warszawy - Oławska - Teatralna - pl. Teatralny - Podwale - Legnicka - Lotnicza - Kosmonautów - Średzka - LEŚNICA
11,11,KARŁOWICE - Żmigrodzka - Trzebnicka - pl. Powstańców Wielkopolskich - Słowiańska - Poniatowskiego - pl. Bema - Piaskowa - Św. Katarzyny - Bł. Czesława - Skargi - Kołłątaja - Piłsudskiego - Grabiszyńska - GRABISZYŃSKA (CMENTARZ)|GRABISZYŃSKA (CMENTARZ) - Piłsudskiego - Kołłątaja - Bł. Czesława - Św. Katarzyny - Piaskowa - pl. Bema - Bema - Poniatowskiego - Słowiańska - pl. Powstańców Wielkopolskich - Trzebnicka - Żmigrodzka - KARŁOWICE
15,15,PARK POŁUDNIOWY - Ślężna - Borowska - Stawowa - Piłsudskiego - Krupnicza - Kazimierza Wlk. - Podwale - Jagiełły - Dubois - Pomorska - Reymonta - Bałtycka - Żmigrodzka - POŚWIĘTNE|POŚWIĘTNE - Bałtycka - Reymonta - Pomorska - Dubois - Jagiełły - Podwale - Kazimierza Wlk. - Krupnicza - Sądowa - Piłsudskiego - Borowska - Ślężna - PARK POŁUDNIOWY
16,16,TARNOGAJ - Tarnogajska - Aleja Armii Krajowej - Bardzka - Hubska - Pułaskiego - Traugutta - pl. Powstańców Warszawy - pl. Grunwaldzki - Rondo Reagana - Curie-Skłodowskiej - Wróblewskiego - ZOO|ZOO - Curie-Skłodowskiej - Rondo Reagana - pl. Grunwaldzki - pl. Powstańców Warszawy - Traugutta - Pułaskiego - Hubska - Bardzka - Aleja Armii Krajowej - Tarnogajska - TARNOGAJ
17,17,KLECINA - Wałbrzyska - Przyjaźni - Karkonoska - Powstańców Śl. - pl. Powstańców Śląskich - Powstańców Śl. - Świdnicka - pl. Teatralny - Teatralna - Bł. Czesława - Św. Katarzyny - Piaskowa - Sienkiewicza - Aleja Kochanowskiego - Aleja Różyckiego - Aleja Paderewskiego - Mickiewicza - SĘPOLNO|SĘPOLNO - Aleja Paderewskiego - Aleja Różyckiego - Aleja Kochanowskiego - Grunwaldzka - Sienkiewicza - pl. Bema - Piaskowa - Św. Katarzyny - Bł. Czesława - Teatralna - pl. Teatralny - Świdnicka - Powstańców Śl. - Karkonoska - Przyjaźni - Wałbrzyska - KLECINA
20,20,LEŚNICA - Średzka - Kosmonautów - Lotnicza - Legnicka - Złotoryjska - TAT - Podwale - Świdnicka - Powstańców Śl. - Aleja Hallera - Grabiszyńska - OPORÓW|OPORÓW - Aleja Hallera - Powstańców Śl. - pl. Powstańców Śląskich - Powstańców Śl. - Świdnicka - Podwale - TAT - Śrubowa - Złotoryjska - Legnicka - Lotnicza - Kosmonautów - Średzka - LEŚNICA
23,23,WROCŁAWSKI PARK PRZEMYSŁOWY - Fabryczna - TAT - Podwale - pl. Teatralny - Teatralna - Bł. Czesława - Św. Katarzyny - Piaskowa - pl. Bema - Bema - Poniatowskiego - Słowiańska - SŁOWIAŃSKA|DWORZEC NADODRZE - pl. Powstańców Wielkopolskich - Słowiańska - Poniatowskiego - pl. Bema - Piaskowa - Św. Katarzyny - Bł. Czesława - Teatralna - pl. Teatralny - Podwale - TAT - Fabryczna - WROCŁAWSKI PARK PRZEMYSŁOWY
31,31,GAJ - Świeradowska - Bardzka - Hubska - Gliniana - Borowska - Stawowa - Piłsudskiego - Legnicka - Lotnicza - PILCZYCE|PILCZYCE - Legnicka - Piłsudskiego - Borowska - Gliniana - Hubska - Bardzka - Świeradowska - GAJ|PILCZYCE - Lotnicza - Legnicka - Piłsudskiego - Borowska - Gliniana - Hubska - Bardzka - Świeradowska - GAJ
33,33,PILCZYCE - Lotnicza - Legnicka - Podwale - pl. Teatralny - Teatralna - Oławska - pl. Powstańców Warszawy - pl. Grunwaldzki - Rondo Reagana - pl. Grunwaldzki - Aleja Kochanowskiego - Aleja Różyckiego - Aleja Paderewskiego - Mickiewicza - SĘPOLNO|SĘPOLNO - Aleja Paderewskiego - Aleja Różyckiego - Aleja Kochanowskiego - pl. Grunwaldzki - Rondo Reagana - pl. Grunwaldzki - pl. Powstańców Warszawy - Oławska - Teatralna - pl. Teatralny - Podwale - Legnicka - Lotnicza - PILCZYCE
70,70,FAT - Aleja Hallera - Powstańców Śl. - pl. Powstańców Śląskich - Powstańców Śl. - Świdnicka - Piłsudskiego - Małachowskiego - Pułaskiego - Traugutta - pl. Powstańców Warszawy - pl. Grunwaldzki - Rondo Reagana - Piastowska - Sienkiewicza - Drobnera - Pomorska - Reymonta - Osobowicka - OSOBOWICE|OSOBOWICE - Reymonta - Pomorska - Drobnera - Sienkiewicza - Rondo Reagana - pl. Grunwaldzki - pl. Powstańców Warszawy - Traugutta - Pułaskiego - Małachowskiego - Piłsudskiego - Powstańców Śl. - Aleja Hallera - FAT
74,74,FAT - Grabiszyńska - Krupnicza - Kazimierza Wlk. - Podwale - Jagiełły - Dubois - Pomorska - Reymonta - Osobowicka - OSOBOWICE|OSOBOWICE - Reymonta - Pomorska - Dubois - Jagiełły - Podwale - Kazimierza Wlk. - Krupnicza - Sądowa - Grabiszyńska - Aleja Hallera - FAT
100,100,MOKRY DWÓR - Batorego - Starodworska - Księska - Opolska - Karwińska - Gazowa - Tarnogajska - Gazowa - Świeradowska - GAJ - PĘTLA|GAJ - PĘTLA - Morwowa - Gazowa - Opolska - Księska - Starodworska - Batorego - MOKRY DWÓR
101,101,LEŚNICA - Płońskiego - Trzmielowicka - Średzka - Jeleniogórska - Stabłowicka - Brodzka - Królewiecka - Pilczycka - Legnicka - KWISKA|KWISKA - Pilczycka - Królewiecka - Brodzka - Stabłowicka - Jeleniogórska - Płońskiego - LEŚNICA
102,102,KOSMONAUTÓW (SZPITAL) - Fieldorfa - Wojanowska - Jeleniogórska - Główna - Maślicka - Pilczycka - Legnicka - Zachodnia - Rybacka - Sokolnicza - PL. JANA PAWŁA II|PL. JANA PAWŁA II - Legnicka - Zachodnia - Legnicka - Pilczycka - Maślicka - Główna - Stabłowicka - Jeleniogórska - Wojanowska - Fieldorfa - Kosmonautów - KOSMONAUTÓW (SZPITAL)
103,103,PRACZE ODRZAŃSKIE - Brodzka - Stabłowicka - Główna - Maślicka - Pilczycka - Popowicka - Starogroblowa - Długa - Poznańska - Zachodnia - Rybacka - Sokolnicza - PL. JANA PAWŁA II|PL. JANA PAWŁA II - Legnicka - Zachodnia - Poznańska - Długa - Starogroblowa - Popowicka - Pilczycka - Maślicka - Główna - Stabłowicka - Brodzka - PRACZE ODRZAŃSKIE
104,104,RĘDZIŃSKA - Rędzińska - Maślicka - Pilczycka - Kozanowska - Popowicka - Starogroblowa - Długa - Poznańska - Zachodnia - Rybacka - Legnicka - PL. JANA PAWŁA II|PL. JANA PAWŁA II - Zachodnia - Poznańska - Długa - Starogroblowa - Popowicka - Kozanowska - Pilczycka - Maślicka - Rędzińska - RĘDZIŃSKA
105,105,ŚWINIARY - Pęgowska - Zajączkowska - Pełczyńska - Obornicka - Broniewskiego - Kasprowicza - Berenta - KROMERA|KROMERA - Boya-Żeleńskiego - Berenta - Kasprowicza - Broniewskiego - Obornicka - Pełczyńska - Zajączkowska - Pęgowska - ŚWINIARY
106,106,PORT LOTNICZY - Graniczna - Skarżyńskiego - Graniczna - Strzegomska - Otyńska - Fabryczna - TAT - Piłsudskiego - Świdnicka - Dworcowa - DWORZEC GŁÓWNY (DWORCOWA)|DWORZEC GŁÓWNY (DWORCOWA) - Podwale - TAT - Fabryczna - Strzegomska - Graniczna - Skarżyńskiego - Graniczna - PORT LOTNICZY
107,107,KRZYKI - Karkonoska - Letnia - Krzycka - Wałbrzyska - Karmelkowa - Giełdowa - Karmelkowa - Solskiego - Grabiszyńska - Ostrowskiego - Krzemieniecka - Stanisławowska - Mińska - Strzegomska - Otyńska - Fabryczna - Śrubowa - Poznańska - Zachodnia - Rybacka - PL. SOLIDARNOŚCI|PL. SOLIDARNOŚCI - Legnicka - Strzegomska - TAT - Fabryczna - Strzegomska - Mińska - Stanisławowska - Krzemieniecka - Ostrowskiego - Grabiszyńska - Solskiego - Karmelkowa - Giełdowa - Karmelkowa - Wałbrzyska - Krzycka - Karkonoska - KRZYKI
108,108,PRACZE WIDAWSKIE - Zduńska - Kominiarska - Pełczyńska - Obornicka - Broniewskiego - Żmigrodzka - Trzebnicka - pl. Powstańców Wielkopolskich - DWORZEC NADODRZE|DWORZEC NADODRZE - Trzebnicka - Broniewskiego - Obornicka - Pełczyńska - Kominiarska - Zduńska - PRACZE WIDAWSKIE
109,109,JARNOŁTÓW - Jarnołtowska - Jerzmanowska - Żernicka - Chociebuska - Strzegomska - Otyńska - Fabryczna - Śrubowa - Poznańska - Zachodnia - Rybacka - PL. SOLIDARNOŚCI|PL. SOLIDARNOŚCI - Legnicka - Strzegomska - TAT - Fabryczna - Strzegomska - Chociebuska - Rogowska - Żernicka - Jerzmanowska - Jarnołtowska - JARNOŁTÓW
110,110,IWINY - RONDO - Strzelińska - Buforowa - Bardzka - Hubska - Sucha - Peronowa - Kołłątaja - Słowackiego - GALERIA DOMINIKAŃSKA|GALERIA DOMINIKAŃSKA - Piotra Skargi - Kołłątaja - Peronowa - Sucha - Hubska - Bardzka - Buforowa - Strzelińska - IWINY - RONDO
111,111,OSIEDLE SOBIESKIEGO - Królewska - Bora-Komorowskiego - Krzywoustego - Brücknera - Kochanowskiego - pl. Grunwaldzki - Skłodowskiej-Curie - Wyszyńskiego - Sienkiewicza - pl. Bema - Bema - Poniatowskiego - Jedności Narodowej - Rychtalska - Słonimskiego - Zakładowa - Broniewskiego - Obornicka - Pełczyńska - Cynamonowa - Kminkowa - KMINKOWA|KMINKOWA - Cynamonowa - Pełczyńska - Obornicka - Broniewskiego - Żmigrodzka - Zakładowa - Rychtalska - Jedności Narodowej - Poniatowskiego - Sienkiewicza - Wyszyńskiego - Szczytnicka - pl. Grunwaldzki - Kochanowskiego - Brücknera - Krzywoustego - Bora-Komorowskiego - Królewska - OSIEDLE SOBIESKIEGO
112,112,KRZYKI - Karkonoska - Waligórskiego - Wojszycka - Ołtaszyńska - Radosna - Chabrowa - Kutrzeby - Parafialna - Grota-Roweckiego - Borowska - Peronowa - DWORZEC GŁÓWNY|DWORZEC GŁÓWNY - Ślężna - Gliniana - Borowska - Grota-Roweckiego - Parafialna - Kutrzeby - Chabrowa - Radosna - Ołtaszyńska - Wojszycka - Waligórskiego - Karkonoska - KRZYKI
113,113,KRZYKI - Zwycięska - Strachowskiego - Kurpiów - Grota-Roweckiego - Borowska - Peronowa - DWORZEC GŁÓWNY|DWORZEC GŁÓWNY - Ślężna - Gliniana - Borowska - Grota-Roweckiego - Kurpiów - Strachowskiego - Zwycięska - Karkonoska - KRZYKI
114,114,GALERIA DOMINIKAŃSKA - Słowackiego - Podwale - Kościuszki - Krakowska - Karwińska - Mościckiego - Semaforowa - Centralna - Chińska - Mościckiego - Ziemniaczana - BIEŃKOWICE|BIEŃKOWICE - Mościckiego - Chińska - Mościckiego - Krakowska - Kościuszki - Komuny Paryskiej - Podwale - Słowackiego - GALERIA DOMINIKAŃSKA
115,115,WOJNÓW (PĘTLA) - Strachocińska - Swojczycka - Mickiewicza - Skłodowskiej-Curie - pl. Grunwaldzki - Skłodowskiej-Curie - REJA|PL. GRUNWALDZKI - pl. Grunwaldzki - Skłodowskiej-Curie - Mickiewicza - Swojczycka - Strachocińska - WOJNÓW (PĘTLA)
116,116 ,SOŁTYSOWICE - Redycka - Sołtysowicka - Koszarowa - Kasprowicza - Boya-Żeleńskiego - Toruńska - Brücknera - Kochanowskiego - Norwida - pl. Grunwaldzki - PL. GRUNWALDZKI|PL. GRUNWALDZKI - Kochanowskiego - Toruńska - Boya-Żeleńskiego - Kasprowicza - Czajkowskiego - Sołtysowicka - Redycka - SOŁTYSOWICE
117,117,RATYŃ - Gromadzka - Szkolna - Miodowa - Trzmielowicka - Rubczaka - Płońskiego - LEŚNICA|LEŚNICA - Rubczaka - Trzmielowicka - Miodowa - Szkolna - Gromadzka - RATYŃ
118,118,SĘPOLNO - Mickiewicza - Swojczycka - Miłoszycka - Kowalska - Krzywoustego - Brücknera - Toruńska - Boya-Żeleńskiego - Berenta - Kasprowicza - Broniewskiego - Obornicka - Bezpieczna - Łużycka - Osobowicka - Wędkarzy - RĘDZIN|RĘDZIN - Osobowicka - Łużycka - Bezpieczna - Obornicka - Broniewskiego - Kasprowicza - Berenta - Toruńska - Brücknera - Kowalska - Miłoszycka - Swojczycka - Mickiewicza - SĘPOLNO
119,119,BLACHARSKA - Blacharska - Lakiernicza - Ojca Beyzyma - Hallera - Ostrowskiego - Krzemieniecka - Stanisławowska - Mińska - Strzegomska - Klecińska - Na Ostatnim Groszu - Legnicka - Milenijna - most Milenijny - Osobowicka - Łużycka - Bezpieczna - Obornicka - Broniewskiego - Kasprowicza - Czajkowskiego - Sołtysowicka - Redycka - SOŁTYSOWICE|SOŁTYSOWICE - Sołtysowicka - Koszarowa - Kasprowicza - Broniewskiego - Obornicka - Bezpieczna - Łużycka - Osobowicka - most Milenijny - Milenijna - Legnicka - Na Ostatnim Groszu - Estakada - Strzegomska - Mińska - Stanisławowska - Krzemieniecka - Petuniowa - Hallera - Ojca Beyzyma - Lakiernicza - Blacharska - BLACHARSKA
120,120,TRESTNO (PĘTLA) - Nadodrzańska - Opatowicka - Międzyrzecka - Na Niskich Łąkach - Kościuszki - Komuny Paryskiej - Podwale - Słowackiego - GALERIA DOMINIKAŃSKA|GALERIA DOMINIKAŃSKA - Podwale - Kościuszki - Na Niskich Łąkach - Międzyrzecka - Opatowicka - Nadodrzańska - TRESTNO (PĘTLA)
121,121,KIEŁCZOWSKA (CMENTARZ) - Kiełczowska - Żmudzka - Litewska - Gorlicka - ks. Mariana Stanety - Krzywoustego - Brücknera - Kochanowskiego - pl. Grunwaldzki - Skłodowskiej-Curie - REJA|PL. GRUNWALDZKI - pl. Grunwaldzki - Kochanowskiego - Brücknera - Krzywoustego - ks. Mariana Stanety - Gorlicka - Litewska - Żmudzka - Kiełczowska - KIEŁCZOWSKA (CMENTARZ)
122,122,NOWY DWÓR - Gubińska - Chociebuska - Hermanowska - Koszalińska - Bystrzycka - Balonowa - Horbaczewskiego - Na Ostatnim Groszu - Legnicka - Popowicka - Starogroblowa - Długa - Poznańska - Zachodnia - Rybacka - Legnicka - Piłsudskiego - Zielińskiego - Swobodna - Sucha - DWORZEC AUTOBUSOWY|DWORZEC AUTOBUSOWY - Swobodna - Zielińskiego - Piłsudskiego - Legnicka - Zachodnia - Poznańska - Długa - Starogroblowa - Popowicka - Rysia - Legnicka - Orlińskiego - Horbaczewskiego - Balonowa - Bystrzycka - Hermanowska - Chociebuska - Strzegomska - Gubińska - NOWY DWÓR
123,123,METALOWCÓW - Lotnicza - Górnicza - Pilczycka - Królewiecka - Maślicka - Główna - Marszowicka - Trzmielowicka - Rubczaka - Płońskiego - LEŚNICA|LEŚNICA - Rubczaka - Trzmielowicka - Marszowicka - Główna - Maślicka - Królewiecka - Pilczycka - Hutnicza - Lotnicza - METALOWCÓW|LEŚNICA - Płońskiego - Rubczaka - Trzmielowicka - Marszowicka - Główna - Maślicka - Królewiecka - Pilczycka - Hutnicza - Lotnicza - METALOWCÓW
124,124,NOWY DWÓR (PĘTLA) - Zemska - Rogowska - Strzegomska - Klecińska - Grabiszyńska - Stalowa - Grochowa - Zaporoska - Kamienna - Bardzka - Armii Krajowej - Tarnogajska - Gazowa - Opolska - Tyska - KSIĘŻE WIELKIE|KSIĘŻE WIELKIE - Opolska - Karwińska - Gazowa - Tarnogajska - Armii Krajowej - Bardzka - Kamienna - Zaporoska - Grochowa - Grabiszyńska - Klecińska - Strzegomska - Rogowska - Zemska - NOWY DWÓR (PĘTLA)
125,125,BROCHÓW - Chińska - Mościckiego - Gazowa - Tarnogajska - Armii Krajowej - Bardzka - Hubska - Sucha - Komandorska - Wielka - Krucza - Inżynierska - Hallera - Grabiszyńska - Solskiego - Mokronoska - Tyniecka - Kwiatkowskiego - TYNIECKA (PĘTLA)|TYNIECKA (PĘTLA) - Wiejska - Solskiego - Grabiszyńska - Hallera - Aleja Pracy - Inżynierska - Krucza - Wielka - Komandorska - Sucha - Hubska - Bardzka - Armii Krajowej - Tarnogajska - Gazowa - Mościckiego - Semaforowa - Centralna - Chińska - BROCHÓW
126,126,WOJSZYCKA - Wojszycka - Waligórskiego - Krzycka - Sowia - Skarbowców - Racławicka - Gajowicka - Hallera - Powstańców Śl. - Zaporoska - Grabiszyńska - Klecińska - Strzegomska - Chociebuska - Hermanowska - Koszalińska - Bystrzycka - Bajana - Lotnicza - Kozanowska - KOZANÓW|KOZANÓW - Lotnicza - Bajana - Bystrzycka - Hermanowska - Chociebuska - Strzegomska - Klecińska - Grabiszyńska - Zaporoska - Powstańców Śl. - Racławicka - Skarbowców - Sowia - Karkonoska - Waligórskiego - Wojszycka - WOJSZYCKA
127,127,ZWYCIĘSKA - Zwycięska - Ołtaszyńska - Wojszycka - Ślężna - Wiśniowa - Hallera - Gajowicka - Zaporoska - Tęczowa - Legnicka - Zachodnia - Poznańska - Długa - Starogroblowa - Popowicka - Kozanowska - Pilczycka - Maślicka - KOZIA|KOZIA - Pilczycka - Kozanowska - Popowicka - Starogroblowa - Długa - Poznańska - Zachodnia - Rybacka - Legnicka - Tęczowa - Zaporoska - Gajowicka - Wiśniowa - Ślężna - Wojszycka - Ołtaszyńska - Zwycięska - ZWYCIĘSKA
128,128 ,PILCZYCE - Lotnicza - Metalowców - Bystrzycka - Balonowa - Horbaczewskiego - Na Ostatnim Groszu - Legnicka - Popowicka - Starogroblowa - Długa - mosty Mieszczańskie - Dubois - Drobnera - Sienkiewicza - Wyszyńskiego - Krzywoustego - Bora-Komorowskiego - Okulickiego - ZAKRZÓW|ZAKRZÓW - Bora-Komorowskiego - Krzywoustego - Wyszyńskiego - Sienkiewicza - Drobnera - Dubois - Dmowskiego - Długa - Starogroblowa - Popowicka - Rysia - Legnicka - Orlińskiego - Horbaczewskiego - Balonowa - Bystrzycka - Metalowców - Lotnicza - PILCZYCE|ZAKRZÓW - Okulickiego - Bora-Komorowskiego - Krzywoustego - Wyszyńskiego - Sienkiewicza - Drobnera - Dubois - Dmowskiego - Długa - Starogroblowa - Popowicka - Rysia - Legnicka - Orlińskiego - Horbaczewskiego - Balonowa - Bystrzycka - Metalowców - Lotnicza - PILCZYCE
129,129,PORT LOTNICZY - Graniczna - Brzezińskiego - Kaczorowskiego - Piołunowa - Jerzmanowska - Żernicka - Kołobrzeska - Koszalińska - Bystrzycka - Balonowa - Horbaczewskiego - Na Ostatnim Groszu - Legnicka - Milenijna - most Milenijny - Osobowicka - Broniewskiego - Żmigrodzka - Poświęcka - POŚWIĘCKA (OŚRODEK ZDROWIA)|POŚWIĘCKA (OŚRODEK ZDROWIA) - Kuklińskiego - Żmigrodzka - Broniewskiego - Bałtycka - Osobowicka - most Milenijny - Milenijna - Legnicka - Orlińskiego - Horbaczewskiego - Balonowa - Bystrzycka - Hermanowska - Kołobrzeska - Żernicka - Jerzmanowska - Piołunowa - Kaczorowskiego - Brzezińskiego - Graniczna - PORT LOTNICZY
130,130,OSIEDLE SOBIESKIEGO - Królewska - Bora-Komorowskiego - Krzywoustego - Boya-Żeleńskiego - Berenta - Kasprowicza - Żmigrodzka - Kamieńskiego - POLANOWICE|POLANOWICE - Żmigrodzka - Kasprowicza - Berenta - Krzywoustego - Bora-Komorowskiego - Królewska - OSIEDLE SOBIESKIEGO
131,131,LITEWSKA - Litewska - Żmudzka - Kiełczowska - Krzywoustego - Brücknera - Kochanowskiego - pl. Grunwaldzki - Skłodowskiej-Curie - REJA|PL. GRUNWALDZKI - pl. Grunwaldzki - Kochanowskiego - Brücknera - Krzywoustego - Kiełczowska - Żmudzka - Litewska - LITEWSKA
132,132,OPORÓW - Grabiszyńska - Solskiego - Ibn Siny Awicenny - Stanisławowska - Mińska - Strzegomska - Otyńska - Fabryczna - Śrubowa - Legnicka - Kazimierza Wlk. - Drobnera - Chrobrego - pl. Powstańców Wielkopolskich - Trzebnicka - Kasprowicza - Berenta - KROMERA|KROMERA - Boya-Żeleńskiego - Berenta - Kasprowicza - Żmigrodzka - Trzebnicka - pl. Powstańców Wielkopolskich - Pomorska - Drobnera - Nowy Świat - Legnicka - Strzegomska - TAT - Fabryczna - Strzegomska - Mińska - Stanisławowska - Ibn Siny Awicenny - Wiejska - Solskiego - Grabiszyńska - OPORÓW
133,133,BROCHÓW - Chińska - Mościckiego - Gazowa - Tarnogajska - Gazowa - Bardzka - Armii Krajowej - Borowska - Kamienna - Powstańców Śl. - Racławicka - Skarbowców - Sowia - Krzycka - Wałbrzyska - Czekoladowa - Francuska - ROD BIELANY|ROD BIELANY - Czekoladowa - Wałbrzyska - Krzycka - Sowia - Skarbowców - Racławicka - Gajowicka - Hallera - Powstańców Śl. - Kamienna - Borowska - Armii Krajowej - Bardzka - Morwowa - Gazowa - Mościckiego - Semaforowa - Centralna - Chińska - BROCHÓW
134,134,NOWY DWÓR (PĘTLA) - Zemska - Rogowska - Strzegomska - Klecińska - Grabiszyńska - Stalowa - Grochowa - Zaporoska - Kamienna - Bardzka - Armii Krajowej - Krakowska - Opolska - Tyska - KSIĘŻE WIELKIE|KSIĘŻE WIELKIE - Opolska - Krakowska - Armii Krajowej - Bardzka - Kamienna - Zaporoska - Grochowa - Grabiszyńska - Klecińska - Strzegomska - Rogowska - Zemska - NOWY DWÓR (PĘTLA)
136,136,TARNOGAJ - Tarnogajska - Gazowa - Świeradowska - Borowska - Armii Krajowej - Wiśniowa - Hallera - Klecińska - Na Ostatnim Groszu - Orlińskiego - Horbaczewskiego - Balonowa - Bajana - Górnicza - Gwarecka - Dokerska - Kozanowska - KOZANÓW|KOZANÓW - Dokerska - Pilczycka - Hutnicza - Bajana - Bystrzycka - Balonowa - Horbaczewskiego - Na Ostatnim Groszu - Estakada - Klecińska - Hallera - Wiśniowa - Armii Krajowej - Borowska - Świeradowska - Morwowa - Gazowa - TARNOGAJ
137,137,LAS MOKRZAŃSKI - Wińska - Dolnobrzeska - Trzmielowicka - Rubczaka - Płońskiego - LEŚNICA|LEŚNICA - Rubczaka - Trzmielowicka - Dolnobrzeska - Wińska - LAS MOKRZAŃSKI
138,138,ŻAR - Średzka - Mokrzańska - Krępicka - Dolnobrzeska - Trzmielowicka - Rubczaka - Płońskiego - LEŚNICA|LEŚNICA - Rubczaka - Trzmielowicka - Dolnobrzeska - Krępicka - Mokrzańska - Średzka - ŻAR
140,140,ŚLAZOWA - Ślazowa - Lipska - Osobowicka - most Milenijny - Milenijna - Legnicka - KWISKA|KWISKA - Milenijna - most Milenijny - Osobowicka - Lipska - Ślazowa - ŚLAZOWA
142,142,KUŹNIKI - Kołobrzeska - Hermanowska - Rogowska - Strzegomska - Otyńska - Fabryczna - Śrubowa - Legnicka - Kazimierza Wlk. - Drobnera - Chrobrego - pl. Staszica - Reymonta - Osobowicka - Łużycka - Bezpieczna - Obornicka - Broniewskiego - Żmigrodzka - KARŁOWICE|KARŁOWICE - Broniewskiego - Obornicka - Bezpieczna - Łużycka - Osobowicka - Reymonta - Pomorska - Drobnera - Nowy Świat - Legnicka - Strzegomska - TAT - Fabryczna - Strzegomska - Rogowska - Zemska - Rogowska - Hermanowska - KUŹNIKI
143,143,KMINKOWA - Kminkowa - Cynamonowa - Pełczyńska - Obornicka - Nowaka-Jeziorańskiego - most Milenijny - Milenijna - Legnicka - Na Ostatnim Groszu - Estakada - Klecińska - Grabiszyńska - Solskiego - Aleja Piastów - Racławicka - Gajowicka - Hallera - Powstańców Śl. - Kamienna - Borowska - Świeradowska - Morwowa - Gazowa - TARNOGAJ|TARNOGAJ - Tarnogajska - Gazowa - Świeradowska - Borowska - Kamienna - Powstańców Śl. - Racławicka - Aleja Piastów - Solskiego - Grabiszyńska - Klecińska - Na Ostatnim Groszu - Legnicka - Milenijna - most Milenijny - Obornicka - Pełczyńska - Cynamonowa - Kminkowa - KMINKOWA
144,144,ZWYCIĘSKA - Zwycięska - Ołtaszyńska - Wojszycka - Sudecka - Wiśniowa - Hallera - Gajowicka - Szczęśliwa - Zielińskiego - Piłsudskiego - Podwale - mosty Mieszczańskie - Dubois - Drobnera - Chrobrego - pl. Powstańców Wielkopolskich - Trzebnicka - Żmigrodzka - Kamieńskiego - POLANOWICE|POLANOWICE - Żmigrodzka - Trzebnicka - pl. Powstańców Wielkopolskich - Chrobrego - Drobnera - Nowy Świat - Krupnicza - Piłsudskiego - Zielińskiego - Gajowicka - Wiśniowa - Sudecka - Wojszycka - Ołtaszyńska - Zwycięska - ZWYCIĘSKA
145,145,SĘPOLNO - Mickiewicza - Monte Cassino - Dembowskiego - Wróblewskiego - Wajdy - Skłodowskiej-Curie - pl. Grunwaldzki - Oławska - Podwale - Dworcowa - Peronowa - Ślężna - Gliniana - Borowska - Świeradowska - Bardzka - Buforowa - Strzelińska - IWINY - RONDO|IWINY - RONDO - Buforowa - Bardzka - Świeradowska - Borowska - Peronowa - Kościuszki - Krasińskiego - pl. Powstańców Warszawy - pl. Grunwaldzki - Skłodowskiej-Curie - Wróblewskiego - Dembowskiego - Monte Cassino - Mickiewicza - SĘPOLNO|IWINY - RONDO - Strzelińska - Buforowa - Bardzka - Świeradowska - Borowska - Peronowa - Kościuszki - Krasińskiego - pl. Powstańców Warszawy - pl. Grunwaldzki - Skłodowskiej-Curie - Wróblewskiego - Dembowskiego - Monte Cassino - Mickiewicza - SĘPOLNO
146,146,BARTOSZOWICE - Bacciarellego - Dembowskiego - Wróblewskiego - Wajdy - Skłodowskiej-Curie - pl. Grunwaldzki - Oławska - Podwale - Dworcowa - Peronowa - Ślężna - Gliniana - Borowska - Armii Krajowej - Bardzka - Świeradowska - GAJ - PĘTLA|GAJ - PĘTLA - Bardzka - Armii Krajowej - Borowska - Peronowa - Kościuszki - Krasińskiego - pl. Powstańców Warszawy - pl. Grunwaldzki - Skłodowskiej-Curie - Wróblewskiego - Dembowskiego - Bacciarellego - BARTOSZOWICE
147,147,KŁOKOCZYCE - Kłokoczycka - Zakrzowska - Krzywoustego - Gorlicka - ks. Mariana Stanety - MULICKA|MULICKA - Bora-Komorowskiego - Zakrzowska - Kłokoczycka - KŁOKOCZYCE
148,148,LEŚNICA - Płońskiego - Trzmielowicka - Średzka - Kosmonautów - Złotnicka - Małopolska - Halicka - Żernicka - Chociebuska - Strzegomska - Otyńska - Fabryczna - TAT - Piłsudskiego - Świdnicka - Dworcowa - DWORZEC GŁÓWNY (DWORCOWA)|DWORZEC GŁÓWNY (DWORCOWA) - Podwale - TAT - Fabryczna - Strzegomska - Chociebuska - Rogowska - Żernicka - Małopolska - Wielkopolska - Złotnicka - Kosmonautów - Płońskiego - LEŚNICA
149,149,KUŹNIKI - Kołobrzeska - Hermanowska - Kołobrzeska - Żernicka - Rogowska - Strzegomska - Otyńska - Fabryczna - TAT - Piłsudskiego - Świdnicka - Kościuszki - Krasińskiego - pl. Powstańców Warszawy - pl. Grunwaldzki - PL. GRUNWALDZKI|PL. GRUNWALDZKI - Oławska - Podwale - TAT - Fabryczna - Strzegomska - Rogowska - Zemska - Żernicka - Kołobrzeska - KUŹNIKI
150,150,LITEWSKA - Litewska - Żmudzka - Kiełczowska - Gorlicka - ks. Mariana Stanety - Bierutowska - Królewska - OSIEDLE SOBIESKIEGO|OSIEDLE SOBIESKIEGO - Dobroszycka - Bierutowska - ks. Mariana Stanety - Gorlicka - Litewska - Kiełczowska - Żmudzka - Litewska - LITEWSKA
151,151 ,PAWŁOWICE (WIDAWSKA) - Widawska - Pawłowicka - Przedwiośnie - Starodębowa - Azaliowa - Bora-Komorowskiego - Krzywoustego - Brücknera - Kochanowskiego - pl. Grunwaldzki - Skłodowskiej-Curie - REJA|PL. GRUNWALDZKI - pl. Grunwaldzki - Kochanowskiego - Brücknera - Krzywoustego - Bora-Komorowskiego - Przedwiośnie - Starodębowa - Pawłowicka - Widawska - PAWŁOWICE (WIDAWSKA)
206,206,PORT LOTNICZY - Graniczna - Strzegomska - Otyńska - Fabryczna - TAT - Podwale - Kołłątaja - Peronowa - Sucha - DWORZEC AUTOBUSOWY|DWORZEC AUTOBUSOWY - Peronowa - Świdnicka - Podwale - TAT - Fabryczna - Strzegomska - Graniczna - PORT LOTNICZY
240,240,DWORZEC AUTOBUSOWY - Sucha - Swobodna - Świdnicka - Piłsudskiego - Podwale - mosty Mieszczańskie - Dubois - Drobnera - Chrobrego - pl. Powstańców Wielkopolskich - Słowiańska - Nowowiejska - Piastowska - pl. Grunwaldzki - pl. Powstańców Warszawy - Pułaskiego - Peronowa - Sucha - DWORZEC AUTOBUSOWY
241,241,NOWY DWÓR (PĘTLA) - Zemska - Gubińska - Strzegomska - Mińska - Stanisławowska - Krzemieniecka - Petuniowa - Hallera - Aleja Pracy - Inżynierska - Krucza - Gajowicka - Szczęśliwa - Zielińskiego - Swobodna - Sucha - Gliniana - Petrusewicza - Borowska - Peronowa - Kołłątaja - Oławska - pl. Powstańców Warszawy - pl. Grunwaldzki - Kochanowskiego - Brücknera - Krzywoustego - Bora-Komorowskiego - Królewska - Przedwiośnie - Starodębowa - Pawłowicka - Widawska - PAWŁOWICE (WIDAWSKA)|PAWŁOWICE (WIDAWSKA) - Pawłowicka - Azaliowa - Okulickiego - Bora-Komorowskiego - Królewska - Bora-Komorowskiego - Krzywoustego - Brücknera - Kochanowskiego - pl. Grunwaldzki - Oławska - Piotra Skargi - Kołłątaja - Peronowa - Ślężna - Gliniana - Petrusewicza - Sucha - Swobodna - Zielińskiego - Gajowicka - Krucza - Inżynierska - Hallera - Ostrowskiego - Krzemieniecka - Stanisławowska - Mińska - Rogowska - Zemska - NOWY DWÓR (PĘTLA)
242,242,KOWALE - Kwidzyńska - Działdowska - Kowalska - Krzywoustego - Jedności Narodowej - Poniatowskiego - pl. Bema - Piaskowa - Piotra Skargi - Kołłątaja - Peronowa - Ślężna - Gliniana - Petrusewicza - PETRUSEWICZA|PETRUSEWICZA - Borowska - Peronowa - Kołłątaja - Św. Katarzyny - Piaskowa - pl. Bema - Bema - Poniatowskiego - Jedności Narodowej - Wyszyńskiego - Krzywoustego - Kowalska - Działdowska - Kwidzyńska - KOWALE
243,243,KSIĘŻE WIELKIE - Tyska - Opolska - Krakowska - Traugutta - Pułaskiego - Piotra Skargi - Kołłątaja - Peronowa - Ślężna - Gliniana - Petrusewicza - Sucha - Swobodna - Świdnicka - Kazimierza Wlk. - Legnicka - Orlińskiego - Horbaczewskiego - Balonowa - Bajana - Lotnicza - Kosmonautów - Fieldorfa - Wojanowska - Jeleniogórska - Średzka - Trzmielowicka - Płońskiego - LEŚNICA|LEŚNICA - Jeleniogórska - Wojanowska - Fieldorfa - Kosmonautów - Lotnicza - Bajana - Bystrzycka - Balonowa - Horbaczewskiego - Na Ostatnim Groszu - Legnicka - Kazimierza Wlk. - Krupnicza - Podwale - Świdnicka - Swobodna - Sucha - Gliniana - Petrusewicza - Borowska - Peronowa - Kołłątaja - Oławska - Traugutta - Krakowska - Opolska - Tyska - KSIĘŻE WIELKIE
244,244,KMINKOWA - Kminkowa - Cynamonowa - Pełczyńska - Obornicka - Broniewskiego - Żmigrodzka - Zakładowa - Rychtalska - Jedności Narodowej - Poniatowskiego - pl. Bema - Piaskowa - Piotra Skargi - Kołłątaja - Peronowa - Ślężna - Gliniana - Petrusewicza - PETRUSEWICZA|PETRUSEWICZA - Borowska - Peronowa - Kołłątaja - Św. Katarzyny - Piaskowa - pl. Bema - Bema - Poniatowskiego - Jedności Narodowej - Rychtalska - Słonimskiego - Zakładowa - Broniewskiego - Obornicka - Pełczyńska - Cynamonowa - Kminkowa - KMINKOWA
245,245,PRACZE ODRZAŃSKIE - Brodzka - Stabłowicka - Główna - Maślicka - Pilczycka - Gwarecka - Dokerska - Kozanowska - Popowicka - Starogroblowa - Długa - Poznańska - Zachodnia - Rybacka - Legnicka - Kazimierza Wlk. - Piotra Skargi - Kołłątaja - Peronowa - Ślężna - Gliniana - Borowska - Petrusewicza - Gliniana - Hubska - Bardzka - Armii Krajowej - Tarnogajska - Gazowa - Mościckiego - Semaforowa - Centralna - Chińska - Mościckiego - Ziemniaczana - BIEŃKOWICE|BIEŃKOWICE - Mościckiego - Chińska - Mościckiego - Gazowa - Tarnogajska - Armii Krajowej - Bardzka - Hubska - Gliniana - Petrusewicza - Borowska - Peronowa - Kołłątaja - Kazimierza Wlk. - Legnicka - Zachodnia - Poznańska - Długa - Starogroblowa - Popowicka - Kozanowska - Dokerska - Pilczycka - Maślicka - Główna - Stabłowicka - Brodzka - PRACZE ODRZAŃSKIE
246,246,KOZANÓW - Kozanowska - Dokerska - Pilczycka - Hutnicza - Bajana - Bystrzycka - Hermanowska - Chociebuska - Strzegomska - Klecińska - Grabiszyńska - Piłsudskiego - Świdnicka - Swobodna - Sucha - Gliniana - Petrusewicza - Borowska - Peronowa - Kołłątaja - Oławska - pl. Powstańców Warszawy - Wyszyńskiego - Boya-Żeleńskiego - Kasprowicza - Czajkowskiego - Sołtysowicka - Redycka - SOŁTYSOWICE|SOŁTYSOWICE - Sołtysowicka - Koszarowa - Kasprowicza - Boya-Żeleńskiego - Wyszyńskiego - pl. Powstańców Warszawy - Oławska - Piotra Skargi - Kołłątaja - Peronowa - Ślężna - Gliniana - Petrusewicza - Sucha - Swobodna - Świdnicka - Grabiszyńska - Klecińska - Strzegomska - Chociebuska - Hermanowska - Koszalińska - Bystrzycka - Bajana - Lotnicza - Górnicza - Gwarecka - Dokerska - Kozanowska - KOZANÓW
247,247,GIEŁDOWA (CENTRUM HURTU) - Giełdowa - Karmelkowa - Wałbrzyska - Przyjaźni - Karkonoska - Powstańców Śl. - Swobodna - Sucha - Gliniana - Petrusewicza - Borowska - Peronowa - Świdnicka - Kazimierza Wlk. - Drobnera - Chrobrego - pl. Powstańców Wielkopolskich - Trzebnicka - Żmigrodzka - Kamieńskiego - POLANOWICE|POLANOWICE - Żmigrodzka - Trzebnicka - pl. Powstańców Wielkopolskich - Chrobrego - Drobnera - Grodzka - Nowy Świat - Kazimierza Wlk. - Krupnicza - Podwale - Kołłątaja - Peronowa - Ślężna - Gliniana - Petrusewicza - Sucha - Swobodna - Powstańców Śl. - Karkonoska - Letnia - Krzycka - Wałbrzyska - Karmelkowa - Giełdowa - GIEŁDOWA (CENTRUM HURTU)
248,248,RACŁAWICKA - Racławicka - Skarbowców - Sowia - Powstańców Śl. - Swobodna - Sucha - Gliniana - Petrusewicza - Borowska - Peronowa - Świdnicka - Kazimierza Wlk. - Drobnera - Chrobrego - pl. Powstańców Wielkopolskich - Trzebnicka - Żmigrodzka - Poświęcka - POŚWIĘCKA (OŚRODEK ZDROWIA)|POŚWIĘCKA (OŚRODEK ZDROWIA) - Kuklińskiego - Żmigrodzka - Trzebnicka - pl. Powstańców Wielkopolskich - Chrobrego - Drobnera - Grodzka - Nowy Świat - Kazimierza Wlk. - Krupnicza - Podwale - Kołłątaja - Peronowa - Ślężna - Gliniana - Petrusewicza - Sucha - Swobodna - Powstańców Śl. - Krzycka - Sowia - Skarbowców - Racławicka - RACŁAWICKA
249,249,JARNOŁTÓW - Jarnołtowska - Jerzmanowska - Żernicka - Rogowska - Strzegomska - Otyńska - Fabryczna - TAT - Podwale - Kołłątaja - Peronowa - Ślężna - Gliniana - Petrusewicza - Borowska - Grota-Roweckiego - Kurpiów - Strachowskiego - Zwycięska - Karkonoska - Wyścigowa - Waligórskiego - Karkonoska - KRZYKI|KRZYKI - Waligórskiego - Wyścigowa - Zwycięska - Strachowskiego - Kurpiów - Grota-Roweckiego - Borowska - Petrusewicza - Borowska - Peronowa - Świdnicka - Podwale - TAT - Fabryczna - Strzegomska - Rogowska - Zemska - Żernicka - Jerzmanowska - Jarnołtowska - JARNOŁTÓW
250,250,DWORZEC GŁÓWNY - Peronowa - Pułaskiego - pl. Powstańców Warszawy - Piastowska - Nowowiejska - Słowiańska - pl. Powstańców Wielkopolskich - Chrobrego - Dubois - Mostowa - Podwale - Piłsudskiego - Świdnicka - Swobodna - Peronowa - DWORZEC GŁÓWNY
251,251,KRZYKI - Karkonoska - Sowia - Skarbowców - Racławicka - Aleja Piastów - Solskiego - Grabiszyńska - Piłsudskiego - Świdnicka - Swobodna - Sucha - Gliniana - Petrusewicza - Borowska - Peronowa - Kołłątaja - Św. Katarzyny - Piaskowa - pl. Bema - Bema - Poniatowskiego - Jedności Narodowej - Wyszyńskiego - Krzywoustego - ks. Mariana Stanety - Gorlicka - Litewska - Kiełczowska - Żmudzka - Litewska - LITEWSKA|LITEWSKA - Żmudzka - Kiełczowska - Gorlicka - ks. Mariana Stanety - Krzywoustego - Jedności Narodowej - Poniatowskiego - pl. Bema - Piaskowa - Piotra Skargi - Kołłątaja - Peronowa - Ślężna - Gliniana - Borowska - Petrusewicza - Sucha - Swobodna - Świdnicka - Grabiszyńska - Solskiego - Aleja Piastów - Racławicka - Skarbowców - Sowia - Karkonoska - KRZYKI
253,253,LEŚNICA - Płońskiego - Kosmonautów - Złotnicka - Małopolska - Kamiennogórska - Kosmonautów - Lotnicza - Legnicka - Kazimierza Wlk. - Krupnicza - Podwale - Świdnicka - Swobodna - Sucha - Gliniana - Borowska - Petrusewicza - Borowska - Peronowa - Kołłątaja - Oławska - pl. Powstańców Warszawy - Szczytnicka - pl. Grunwaldzki - Skłodowskiej-Curie - Wróblewskiego - Olszewskiego - Bacciarellego - Monte Cassino - Mickiewicza - SĘPOLNO|SĘPOLNO - Monte Cassino - Bacciarellego - Olszewskiego - Wróblewskiego - Wajdy - Skłodowskiej-Curie - pl. Grunwaldzki - Skłodowskiej-Curie - Wyszyńskiego - pl. Powstańców Warszawy - Oławska - Piotra Skargi - Kołłątaja - Peronowa - Ślężna - Gliniana - Borowska - Petrusewicza - Sucha - Swobodna - Świdnicka - Kazimierza Wlk. - Legnicka - Lotnicza - Kosmonautów - Kamiennogórska - Małopolska - Wielkopolska - Złotnicka - Kosmonautów - Średzka - Trzmielowicka - Płońskiego - LEŚNICA
255,255,IWINY - RONDO - Strzelińska - Buforowa - Bardzka - Świeradowska - Borowska - Ślężna - Petrusewicza - Borowska - Peronowa - Kołłątaja - Oławska - pl. Powstańców Warszawy - Szczytnicka - pl. Grunwaldzki - Skłodowskiej-Curie - Wróblewskiego - Olszewskiego - Spółdzielcza - Monte Cassino - Mickiewicza - SĘPOLNO|SĘPOLNO - Monte Cassino - Spółdzielcza - Olszewskiego - Wróblewskiego - Wajdy - Skłodowskiej-Curie - pl. Grunwaldzki - Skłodowskiej-Curie - Wyszyńskiego - pl. Powstańców Warszawy - Oławska - Piotra Skargi - Kołłątaja - Peronowa - Ślężna - Gliniana - Petrusewicza - Borowska - Świeradowska - Bardzka - Buforowa - Strzelińska - IWINY - RONDO
257,257,OPORÓW - Grabiszyńska - Hallera - Powstańców Śl. - Swobodna - Sucha - Gliniana - Petrusewicza - Borowska - Peronowa - Świdnicka - Kazimierza Wlk. - Drobnera - Chrobrego - pl. Staszica - Reymonta - Obornicka - Bezpieczna - Łużycka - Osobowicka - Wędkarzy - RĘDZIN|RĘDZIN - Osobowicka - Łużycka - Bezpieczna - Obornicka - Bałtycka - Reymonta - Pomorska - Drobnera - Grodzka - Nowy Świat - Kazimierza Wlk. - Krupnicza - Podwale - Kołłątaja - Peronowa - Ślężna - Gliniana - Petrusewicza - Sucha - Swobodna - Powstańców Śl. - Hallera - Grabiszyńska - OPORÓW
259,259,WOJNÓW (PĘTLA) - Strachocińska - Swojczycka - Mickiewicza - Paderewskiego - Moniuszki - Kochanowskiego - Piastowska - Sienkiewicza - pl. Bema - Piaskowa - Piotra Skargi - Kołłątaja - Peronowa - Ślężna - Gliniana - Borowska - Petrusewicza - Ślężna - Wojszycka - Ołtaszyńska - Zwycięska - ZWYCIĘSKA|ZWYCIĘSKA - Ołtaszyńska - Wojszycka - Ślężna - Petrusewicza - Borowska - Peronowa - Kołłątaja - Św. Katarzyny - Piaskowa - Sienkiewicza - pl. Grunwaldzki - Kochanowskiego - Moniuszki - Paderewskiego - Mickiewicza - Swojczycka - Strachocińska - WOJNÓW (PĘTLA)
315,315,SWOJCZYCE - Swojczycka - Mickiewicza - Monte Cassino - Dembowskiego - Wróblewskiego - Wajdy - Skłodowskiej-Curie - pl. Grunwaldzki - Skłodowskiej-Curie - REJA|PL. GRUNWALDZKI - pl. Grunwaldzki - Skłodowskiej-Curie - Wróblewskiego - Dembowskiego - Monte Cassino - Mickiewicza - Swojczycka - Miłoszycka - Swojczycka - SWOJCZYCE
319,319,KLECINA (STACJA KOLEJOWA) - Kobierzycka - Wałbrzyska - Karmelkowa - Solskiego - Grabiszyńska - Ostrowskiego - Krzemieniecka - Stanisławowska - Mińska - Strzegomska - Klecińska - Na Ostatnim Groszu - Legnicka - Milenijna - most Milenijny - Osobowicka - Łużycka - Bezpieczna - Obornicka - Bałtycka - Kamieńskiego - KAMIEŃSKIEGO (PĘTLA)|KAMIEŃSKIEGO (PĘTLA) - Bałtycka - Obornicka - Bezpieczna - Łużycka - Osobowicka - most Milenijny - Milenijna - Legnicka - Na Ostatnim Groszu - Estakada - Strzegomska - Mińska - Stanisławowska - Krzemieniecka - Ostrowskiego - Grabiszyńska - Solskiego - Karmelkowa - Wałbrzyska - Kobierzycka - KLECINA (STACJA KOLEJOWA)
345,345,STADION OLIMPIJSKI - Paderewskiego - Mickiewicza - Monte Cassino - Bacciarellego - Olszewskiego - Wróblewskiego - Wajdy - Mickiewicza - Parkowa - Kochanowskiego - Moniuszki - Paderewskiego - STADION OLIMPIJSKI
602,602,BISKUPICE PODGÓRNE LG ENERGY SOLUTION WROCŁAW I - LG - Seulska - Współpracy - Koreańska - Karkonoska - Powstańców Śl. - Peronowa - Stawowa - DWORZEC GŁÓWNY (STAWOWA)|DWORZEC GŁÓWNY (STAWOWA) - Powstańców Śl. - Karkonoska - Koreańska - LG - Seulska - Współpracy - LG - BISKUPICE PODGÓRNE LG ENERGY SOLUTION WROCŁAW I
607,607,KWISKA - Legnicka - Klecińska - Grabiszyńska - Solskiego - Czekoladowa - Koreańska - LG - Seulska - Współpracy - LG - BISKUPICE PODGÓRNE LG ENERGY SOLUTION WROCŁAW I
612,612,KRZYKI - Karkonoska - Waligórskiego - Wyścigowa - Karkonoska - Wrocławska - Kolejowa - Przystankowa - Pszenna - Chabrowa - Kutrzeby - Parafialna - Grota-Roweckiego - Borowska - Sucha - DWORZEC AUTOBUSOWY|SUCHA - Ślężna - Gliniana - Borowska - Grota-Roweckiego - Parafialna - Kutrzeby - Chabrowa - Pszenna - Przystankowa - Kolejowa - Wrocławska - Karkonoska - Wyścigowa - Waligórskiego - Karkonoska - KRZYKI
700,700,DWORZEC NADODRZE - pl. Powstańców Wielkopolskich - Słowiańska - Nowowiejska - Piastowska - PL. GRUNWALDZKI|PL. GRUNWALDZKI - Nowowiejska - Słowiańska - pl. Powstańców Wielkopolskich - DWORZEC NADODRZE
706,706,KOWALE - Kwidzyńska - Toruńska - Jedności Narodowej - Poniatowskiego - Sienkiewicza - PL. BEMA|ŚWIĘTOKRZYSKA - pl. Bema - Bema - Poniatowskiego - Jedności Narodowej - Wyszyńskiego - Toruńska - Kwidzyńska - KOWALE
711,711,KROMERA - Jedności Narodowej - Poniatowskiego - Sienkiewicza - PL. BEMA|ŚWIĘTOKRZYSKA - pl. Bema - Bema - Poniatowskiego - Jedności Narodowej - Wyszyńskiego - KROMERA
722,722,ALEJA ARCHITEKTÓW - Kosmonautów - Aleja Architektów - Brzozy - Konińska - Kosmonautów - ALEJA ARCHITEKTÓW
731,731,TARCZYŃSKI ARENA (KRÓLEWIECKA) - Królewiecka - Pilczycka - Gwarecka - Dokerska - Kozanowska - Legnicka - KWISKA|KWISKA - Kozanowska - Dokerska - Pilczycka - Królewiecka - TARCZYŃSKI ARENA (KRÓLEWIECKA)
903,903,ŻÓRAWINA - SZKOŁA - Aleja Niepodległości - Lipowa - Wrocławska - Grota-Roweckiego - Borowska - Świeradowska - Morwowa - Gazowa - TARNOGAJ|TARNOGAJ - Tarnogajska - Gazowa - Świeradowska - Borowska - Grota-Roweckiego - Wrocławska - Lipowa - Aleja Niepodległości - Małowiejska - ŻÓRAWINA - NIEPODLEGŁOŚCI (MOSTEK)
904,904,ŁOZINA - SKRZY. - Wrocławska - Trzebnicka - Parkowa - Wrocławska - Bierutowska - Krzywoustego - Wyszyńskiego - Słowackiego - GALERIA DOMINIKAŃSKA|GALERIA DOMINIKAŃSKA - Wyszyńskiego - Krzywoustego - Bierutowska - Wrocławska - Parkowa - Trzebnicka - Wrocławska - ŁOZINA - SKRZY.
907,907,PIETRZYKOWICE - SPORTOWA/PĘTLA - Sportowa - Wrocławska - Parkowa - Wiejska - Solskiego - Grabiszyńska - OPORÓW|OPORÓW - Solskiego - Mokronoska - Parkowa - Wrocławska - Sportowa - PIETRZYKOWICE - SPORTOWA/PĘTLA
908,908,PSARY - WOLNOŚCI - Główna - Sułowska - Żmigrodzka - Sułowska - Żmigrodzka - Trzebnicka - pl. Powstańców Wielkopolskich - DWORZEC NADODRZE|DWORZEC NADODRZE - Trzebnicka - Żmigrodzka - Sułowska - Żmigrodzka - Sułowska - Główna - PSARY - WOLNOŚCI
909,909,SAMOTWÓR - LEŚNA - Samotworska - Jarnołtowska - Jerzmanowska - Żernicka - Chociebuska - Strzegomska - NOWY DWÓR|NOWY DWÓR - Gubińska - Chociebuska - Rogowska - Żernicka - Jerzmanowska - Jarnołtowska - Samotworska - Główna - SAMOTWÓR - LEŚNA
911,911,BIELAWA - Wrocławska - Wilczycka - Wrocławska - Szewczenki - Gorlicka - ks. Mariana Stanety - Krzywoustego - Brücknera - Kochanowskiego - pl. Grunwaldzki - PL. GRUNWALDZKI|PL. GRUNWALDZKI - Kochanowskiego - Brücknera - Krzywoustego - ks. Mariana Stanety - Gorlicka - Szewczenki - Wrocławska - Wilczycka - Wrocławska - BIELAWA
913,913,ŻÓRAWINA - SZKOŁA - Aleja Niepodległości - Wrocławska - Lipowa - Wrocławska - Lipowa - Chabrowa - Radosna - Ołtaszyńska - Wojszycka - Waligórskiego - Karkonoska - KRZYKI|KRZYKI - Waligórskiego - Wojszycka - Ołtaszyńska - Radosna - Chabrowa - Lipowa - Wrocławska - Lipowa - Wrocławska - Małowiejska - ŻÓRAWINA - NIEPODLEGŁOŚCI (MOSTEK)
914,914,PRUSZOWICE - Parkowa - Stawowa - Wrocławska - Trzebnicka - Parkowa - Wrocławska - Bierutowska - Krzywoustego - Wyszyńskiego - Słowackiego - GALERIA DOMINIKAŃSKA|GALERIA DOMINIKAŃSKA - Wyszyńskiego - Krzywoustego - Bierutowska - Wrocławska - Parkowa - Trzebnicka - Wrocławska - Stawowa - Parkowa - PRUSZOWICE
917,917,GAŁÓW (PĘTLA) - Słoneczna - Wrocławska - Gromadzka - Szkolna - Miodowa - Trzmielowicka - Rubczaka - Płońskiego - LEŚNICA|LEŚNICA - Rubczaka - Trzmielowicka - Miodowa - Szkolna - Gromadzka - Wrocławska - Słoneczna - GAŁÓW (PĘTLA)
920,920,WOJNÓW (PĘTLA) - Nadodrzańska - Opatowicka - Międzyrzecka - Na Grobli - Traugutta - Słowackiego - GALERIA DOMINIKAŃSKA|GALERIA DOMINIKAŃSKA - Pułaskiego - Na Grobli - Międzyrzecka - Opatowicka - Nadodrzańska - WOJNÓW (PĘTLA)
921,921,RAKÓW - SKRZY. - Wrocławska - Wilczycka - Wrocławska - Szewczenki - Gorlicka - ks. Mariana Stanety - Krzywoustego - Brücknera - Kochanowskiego - pl. Grunwaldzki - PL. GRUNWALDZKI|PL. GRUNWALDZKI - Kochanowskiego - Brücknera - Krzywoustego - ks. Mariana Stanety - Gorlicka - Szewczenki - Wrocławska - Wilczycka - Wrocławska - RAKÓW - SKRZY.
923,923,BRZEZINA (PĘTLA) - Kopernika - Główna - Kolejowa - Wrocławska - Główna - Wilkszyńska - Stabłowicka - Jeleniogórska - Płońskiego - LEŚNICA|LEŚNICA - Jeleniogórska - Główna - Wilkszyńska - Główna - Wrocławska - Kolejowa - Główna - Kopernika - BRZEZINA (PĘTLA)
924,924,STĘPIN - KOŚCIÓŁ - Bursztynowa - Wiejska - Broniewskiego - Wrocławska - Bierutowska - Krzywoustego - Wyszyńskiego - Słowackiego - GALERIA DOMINIKAŃSKA|GALERIA DOMINIKAŃSKA - Wyszyńskiego - Krzywoustego - Bierutowska - Wrocławska - Broniewskiego - Wschodnia - Bursztynowa - STĘPIN - KOŚCIÓŁ
927L,927L,PIETRZYKOWICE - SPORTOWA/PĘTLA - Sportowa - Wrocławska - Parkowa - Wiejska - Solskiego - Grabiszyńska - OPORÓW|NOWY DWÓR (PĘTLA) - Zemska - Gubińska - Strzegomska - Mińska - Jurija Gagarina - Chłopska - Główna - Sportowa - PIETRZYKOWICE - SPORTOWA/PĘTLA
927P,927P,PIETRZYKOWICE - SPORTOWA/PĘTLA - Główna - Chłopska - Jurija Gagarina - Mińska - Rogowska - Zemska - NOWY DWÓR (PĘTLA)|OPORÓW - Grabiszyńska - Solskiego - Mokronoska - Parkowa - Wrocławska - Sportowa - PIETRZYKOWICE - SPORTOWA/PĘTLA
930,930,KRZYŻANOWICE - Główna - Kamieńskiego - Żmigrodzka - Kasprowicza - Boya-Żeleńskiego - KROMERA|KROMERA - Kasprowicza - Żmigrodzka - Kamieńskiego - Główna - KRZYŻANOWICE
931,931,KIEŁCZÓWEK - PĘTLA - Topolowa - Rzeczna - Wilczycka - Wrocławska - Kiełczowska - Krzywoustego - ks. Mariana Stanety - MULICKA|MULICKA - Kiełczowska - Wrocławska - Wilczycka - Rzeczna - Topolowa - KIEŁCZÓWEK - PĘTLA
933,933,ZABRODZIE - PĘTLA - Zabrodzka - Czekoladowa - Karmelkowa - Solskiego - Grabiszyńska - OPORÓW|OPORÓW - Solskiego - Karmelkowa - Czekoladowa - Zabrodzka - ZABRODZIE - PĘTLA
934,934,JAKSONOWICE - SKRZY. - Milicka - Wrocławska - Trzebnicka - Stawowa - Parkowa - Stawowa - Okulickiego - Bora-Komorowskiego - Krzywoustego - ks. Mariana Stanety - MULICKA|MULICKA - Bora-Komorowskiego - Okulickiego - Stawowa - Parkowa - Stawowa - Trzebnicka - Wrocławska - Milicka - JAKSONOWICE - SKRZY.
936,936,GODZIESZOWA - TRANSFORMATOR - Wrocławska - Nowego Osiedla - Wrocławska - Pawłowicka - Azaliowa - Bora-Komorowskiego - Bierutowska - Wrocławska - Kiełczowska - MIRKÓW - SKRZY. POLNA|MIRKÓW - SKRZY. POLNA - Wrocławska - Bierutowska - Bora-Komorowskiego - Przedwiośnie - Starodębowa - Pawłowicka - Wrocławska - Nowego Osiedla - Wrocławska - GODZIESZOWA - TRANSFORMATOR
937,937,BRZEZINKA ŚREDZKA - PKP - Kolejowa - Główna - Kopernika - Chrobrego - Wińska - Dolnobrzeska - Trzmielowicka - Rubczaka - Płońskiego - LEŚNICA|LEŚNICA - Rubczaka - Trzmielowicka - Dolnobrzeska - Wińska - Chrobrego - Kopernika - Główna - Parkowa - Kolejowa - BRZEZINKA ŚREDZKA - PKP
938,938,LUTYNIA CENTRUM - Kościelna - Innowacyjna - Średzka - Mokrzańska - Krępicka - Dolnobrzeska - Trzmielowicka - Rubczaka - Płońskiego - LEŚNICA|LEŚNICA - Rubczaka - Trzmielowicka - Dolnobrzeska - Krępicka - Mokrzańska - Średzka - Innowacyjna - Kościelna - LUTYNIA CENTRUM
940,940,CZERNA - Główna - Piastowska - Kościuszki - Klonowa - Parkowa - Kolejowa - BRZEZINKA ŚREDZKA - PKP|BRZEZINKA ŚREDZKA - PKP - Klonowa - Kościuszki - Piastowska - Główna - CZERNA
941,941,SZCZODRE - PĘTLA - Trzebnicka - Parkowa - Broniewskiego - Wschodnia - Bursztynowa - Wrocławska - Wilczycka - Rzeczna - Topolowa - Swojczycka - Mickiewicza - Paderewskiego - STADION OLIMPIJSKI|STADION OLIMPIJSKI - Mickiewicza - Swojczycka - Topolowa - Rzeczna - Wilczycka - Wrocławska - Bursztynowa - Wiejska - Broniewskiego - Parkowa - Trzebnicka - SZCZODRE - PĘTLA
947,947,SMOLEC - LIPOWA/PĘTLA - Lipowa - Chłopska - Dębowa - Główna - Wiśniowa - Chłopska - Wrocławska - Stawowa - Parkowa - Wiejska - Solskiego - Grabiszyńska - OPORÓW|OPORÓW - Solskiego - Mokronoska - Parkowa - Stawowa - Wrocławska - Chłopska - Wiśniowa - Główna - Dębowa - Główna - Lipowa - SMOLEC - LIPOWA/PĘTLA
948,948,MIĘKINIA - PĘTLA - Sportowa - Kościuszki - Lipowa - Średzka - Mokrzańska - Krępicka - Dolnobrzeska - Trzmielowicka - Rubczaka - Płońskiego - LEŚNICA|LEŚNICA - Rubczaka - Trzmielowicka - Dolnobrzeska - Krępicka - Mokrzańska - Średzka - Lipowa - Kościuszki - Sportowa - MIĘKINIA - PĘTLA
958,958,KSIĘGINICE P&R - Kolejowa - Sportowa - Wrocławska - Średzka - Kościuszki - Piastowska - Chrobrego - Wrocławska - Średzka - Mokrzańska - Krępicka - Dolnobrzeska - Trzmielowicka - Rubczaka - Płońskiego - LEŚNICA
